Taxon	G1.16S.15.S72.L001.	G1.16S.2.S64.L001.	G3.13S.57.S7.L001.	G3.14S.57.S8.L001.	G1.16S.29.S76.L001.	G1.16S.57.S80.L001.	G1.3U.15.S12.L001.	G1.6S.57.S79.L001.	G2.10S.22.S93.L001.	G2.11S.8.S90.L001.	G2.9U.15.S32.L001.	G2.9U.22.S34.L001.	G2.9U.29.S36.L001.	G2.9U.43.S38.L001.	G2.9U.8.S30.L001.	G3.13S.29.S115.L001.	G3.14S.22.S114.L001.	G3.14S.8.S110.L001.	G1.6S.22.S73.L001.	G1.6S.43.S77.L001.	G1.7U.15.S11.L001.	G2.10S.43.S97.L001.	G2.10S.57.S99.L001.	G3.13S.8.S109.L001.	G1.6S.4.S65.L001.	G1.6S.8.S69.L001.	G2.10S.15.S91.L001.	G3.14S.43.S6.L001.	G2.11S.4.S86.L001.	G2.19U.29.S35.L001.	G3.13S.22.S113.L001.	G2.10S.8.S89.L001.	G2.11S.6.S88.L001.	G2.9U.4.S26.L001.	G3.14S.15.S112.L001.	G2.10S.4.S85.L001.	G2.10S.29.S95.L001.	G2.10S.0.S81.L001.	G1.6S.0.S61.L001.	G1.16S.6.S68.L001.	G3.13S.15.S111.L001.	G3.13S.43.S5.L001.	G1.7U.57.S19.L001.	G1.7U.8.S9.L001.	G1.7U.22.S13.L001.	G1.7U.6.S7.L001.	G1.7U.29.S15.L001.	G1.3U.4.S6.L001.	G1.3U.43.S18.L001.	G3.13S.6.S107.L001.	G3.14S.4.S106.L001.	G2.10S.6.S87.L001.	G3.14S.6.S108.L001.	G3.15U.6.S47.L001.	G2.11S.0.S82.L001.	G1.7U.2.S3.L001.	G2.19U.15.S31.L001.	G1.16S.0.S62.L001.	G2.11S.57.S100.L001.	G2.19U.57.S39.L001.	G1.16S.4.S66.L001.	G1.7U.0.S1.L001.	G3.14S.29.S116.L001.	G3.15U.0.S41.L001.	G3.15U.2.S43.L001.	G1.3U.0.S2.L001.	G3.18U.4.S46.L001.	G3.15U.43.S1.L001.	G1.6S.6.S67.L001.	G1.16S.43.S78.L001.	G2.11S.15.S92.L001.	G2.10S.2.S83.L001.	G1.16S.8.S70.L001.	G3.18U.57.S4.L001.	G2.19U.0.S21.L001.	G1.3U.8.S10.L001.	G3.18U.2.S44.L001.	G3.14S.2.S104.L001.	G2.11S.29.S96.L001.	G3.18U.0.S42.L001.	G1.3U.29.S16.L001.	G2.19U.4.S25.L001.	G1.3U.6.S8.L001.	G1.6S.29.S75.L001.	G2.11S.43.S98.L001.	G2.11S.22.S94.L001.	G3.18U.6.S48.L001.	G3.14S.0.S102.L001.	G3.18U.22.S54.L001.	G3.15U.57.S3.L001.	G1.6S.2.S63.L001.	G3.15U.4.S45.L001.	G2.11S.2.S84.L001.	G3.13S.4.S105.L001.	G2.9U.0.S22.L001.	G2.19U.2.S23.L001.	G2.9U.6.S28.L001.	G3.13S.0.S101.L001.	G2.19U.8.S29.L001.	G1.16S.22.S74.L001.	G3.18U.29.S56.L001.	G1.3U.2.S4.L001.	G2.9U.57.S40.L001.	G3.15U.8.S49.L001.	G1.7U.4.S5.L001.	G2.19U.22.S33.L001.	G3.18U.8.S50.L001.	G1.7U.43.S17.L001.	G1.3U.22.S14.L001.	G3.15U.29.S55.L001.	G3.15U.15.S51.L001.	G3.13S.2.S103.L001.	G1.16S.15.S9.L001.	G2.19U.43.S37.L001.	G2.19U.6.S27.L001.	G3.15U.22.S53.L001.	G3.18U.15.S52.L001.	G1.3U.57.S20.L001.	G2.9U.2.S24.L001.
Archaea;Euryarchaeota;Methanobacteria	0.0	4.7063253012e-05	0.0	1.68990283059e-05	0.0	4.52724268284e-05	0.0	0.0	0.0	3.24485690181e-05	0.0	0.0	0.0	3.92958189249e-05	0.0	7.12436771237e-05	0.0	0.000229937916762	0.0	0.0	0.0	3.04404736538e-05	0.0	0.0002665482008	0.0	0.0	0.0	0.0	0.0	0.0	0.0	8.87679015268e-05	0.0	0.0	0.0	5.46134731438e-05	0.0	0.000571311977148	0.0	0.0	3.1829901009e-05	0.0	7.62854091441e-05	0.0	0.0	0.0	0.0	0.0	0.0	0.00215160133548	0.000773251677956	8.12611734113e-05	0.000953364582506	0.000538979788258	9.90687537151e-05	7.93273044582e-05	2.48354650441e-05	0.00023423317913	0.0	0.0	3.26615932325e-05	0.0	6.89464975179e-05	0.000601706013521	0.000904634060931	0.0	0.00121423456521	9.42755863941e-06	0.0	0.0	0.0	0.00057645631068	0.0	0.0	8.36820083682e-05	0.0	0.00160605712975	0.00219178082192	0.0	0.00130050286111	0.0	0.0	0.0	0.0	0.0	0.0	0.00162792212021	0.00198597405821	0.0	0.0	0.0	0.0	0.0	7.41509713777e-05	6.38895987733e-05	0.0	3.40390768602e-05	0.00315104274638	0.0	0.0	8.4015963033e-05	0.0	0.0	0.000219538968167	0.0	0.0	0.000445616250139	0.0	0.0	0.0	8.37427422957e-05	0.0028962611901	0.0	0.0	0.0	0.0	0.000113804483897	0.0	0.0
Archaea;Euryarchaeota;Methanomicrobia	0.0	0.0	0.0	0.0	0.0	0.0	0.0	0.0	0.0	0.0	0.0	0.0	0.0	0.0	0.0	0.0	0.0	0.0	0.0	0.0	0.0	0.0	0.0	4.44247001333e-05	0.0	0.0	0.0	0.0	0.0	0.0	0.0	0.0	4.06520590268e-05	7.53068755177e-05	0.0	0.0	0.0	0.0	0.0	0.0	0.0	0.0	0.0	0.0	0.0	0.0	0.0	0.0	0.0	0.0	3.09300671182e-05	0.0	0.0	0.0	9.90687537151e-05	2.64424348194e-05	0.0	0.0	0.0	0.0	3.26615932325e-05	4.7270148901e-05	0.0	0.00407036420911	0.00227617602428	0.000110283981252	3.11342196208e-05	0.0	0.0	0.0	0.0	0.0	0.0	0.0	0.000292887029289	0.0	0.0	6.44641418211e-05	0.0	0.000173400381481	0.0	3.78658790564e-05	0.0	0.0	0.0	0.0	0.0	0.000248246757277	0.0	0.0	0.0	0.00100297758972	0.0	0.0	0.00146946077179	0.000243664717349	0.0	0.0	0.0	0.0	0.0	8.34654870211e-05	0.0	0.0	3.2662660047e-05	0.0	0.0	0.0	0.0	0.0	5.58284948638e-05	7.52275633792e-05	0.0	0.0	0.0	0.0	0.0	0.0	0.0
Archaea;Euryarchaeota;Other	0.0	0.0	0.0	0.0	0.0	0.0	0.0	0.0	0.0	0.0	0.0	0.0	0.0	0.0	0.0	0.0	0.0	0.0	0.0	0.0	0.0	0.0	0.0	4.44247001333e-05	0.0	0.0	0.0	0.0	0.0	0.0	0.0	0.0	0.0	0.0	0.0	0.0	0.0	4.08079983677e-05	0.0	0.0	0.0	0.0	0.0	0.0	0.0	0.0	0.0	0.0	0.0	0.0	0.0	0.0	3.97235242711e-05	0.0	0.0	0.0	0.0	0.0	0.0	0.0	0.0	0.0	0.0	0.000106183414151	0.0	0.0	3.11342196208e-05	0.0	0.0	0.0	0.0	0.0	0.0	0.0	0.0	0.0	0.0	0.0	0.0	0.000173400381481	0.0	0.0	0.0	0.0	0.0	0.0	0.0	6.20616893192e-05	0.0	0.0	0.0	0.0	0.0	0.0	0.00019166879632	8.12215724496e-05	0.0	4.14610887682e-05	0.0	0.0	0.0	0.0	0.0	0.0	0.0	0.0	0.0	0.0	0.0	0.0	0.0	0.0	0.0	0.0	0.0	0.0	0.0	0.0	0.0
Archaea;Other;Other	0.0	0.0	0.0	0.0	0.0	0.0	0.0	0.0	0.0	0.0	0.0	0.0	0.0	0.0	0.0	0.0	0.0	0.0	0.0	0.0	0.0	0.0	0.0	4.44247001333e-05	0.0	0.0	0.0	0.0	0.0	0.0	0.0	0.0	0.0	0.0	0.0	0.0	0.0	0.0	0.0	0.0	0.0	0.0	0.0	0.0	0.0	0.0	0.0	0.0	0.0	0.0	0.0	0.0	0.0	0.0	0.0	0.0	0.0	0.0	0.0	0.0	0.0	0.0	0.0	0.0	0.0	0.0	0.0	0.0	0.0	0.0	0.0	0.0	0.0	0.0	0.0	0.0	0.0	0.0	0.0	0.0	0.0	0.0	0.0	0.0	0.0	0.0	0.0	0.0	0.0	0.0	0.0	0.0	0.0	0.0	0.0	0.0	0.0	0.0	0.0	0.0	0.0	0.0	0.0	0.0	0.0	0.0	0.0	0.0	0.0	0.0	0.0	0.0	0.0	0.0	0.0	0.0	0.0	0.0	0.0
Bacteria;Acidobacteria;Acidobacteria_Gp10	0.0	0.0	0.0	0.0	0.0	0.0	0.0	0.0	0.0	0.0	2.94464075383e-05	0.0	0.0	0.0	0.0	0.0	0.0	0.0	0.0	0.0	0.0	0.0	0.0	0.0	0.0	0.0	0.0	0.0	0.0	0.0	0.0	0.0	0.0	0.0	0.0	0.0	0.0	0.0	0.0	0.0	0.0	0.0	0.0	0.0	0.0	0.0	0.0	0.0	0.0	0.0	0.0	0.0	0.0	0.0	0.0	0.0	0.0	0.0	0.0	0.0	0.0	0.0	0.0	0.0	0.0	0.0	0.0	0.0	0.0	0.0	0.0	0.0	0.0	0.0	0.0	0.0	0.0	0.0	0.0	0.0	0.0	0.0	0.0	0.0	0.0	0.0	0.0	0.0	0.0	0.0	0.0	0.0	0.0	0.0	0.0	0.0	0.0	0.0	0.0	0.0	0.0	0.0	0.0	0.0	0.0	0.0	0.0	0.0	0.0	0.0	0.0	0.0	0.0	0.0	0.0	0.0	0.0	0.0	0.0
Bacteria;Acidobacteria;Acidobacteria_Gp16	0.0	0.0	0.0	0.0	0.0	0.0	0.0	0.0	0.0	0.0	0.0	0.0	0.0	0.0	0.0	0.0	0.0	0.0	0.0	0.0	0.0	0.0	0.0	0.0	0.0	0.0	0.0	0.0	0.0	0.0	0.0	0.0	0.0	0.0	0.0	0.0	0.0	0.0	0.0	0.0	0.0	0.0	0.0	0.0	0.0	0.0	0.0	0.0	0.0	0.0	0.0	0.0	0.0	0.0	0.0	0.0	0.0	0.0	0.0	0.0	0.0	0.0	0.0	0.0	0.0	0.0	0.0	0.0	0.0	0.0	0.0	0.0	0.0	0.0	0.0	0.0	0.0	0.0	0.0	0.0	0.0	0.0	0.0	0.0	0.0	2.68990746718e-05	0.0	0.0	0.0	0.0	0.0	0.0	0.0	0.0	0.0	0.0	0.0	0.0	0.0	0.0	0.0	0.0	0.0	0.0	0.0	0.0	0.0	0.0	0.0	0.0	0.0	0.0	0.0	0.0	0.0	0.0	0.0	0.0	0.0
Bacteria;Acidobacteria;Acidobacteria_Gp3	0.0	0.0	0.0	0.0	0.0	0.0	0.0	0.0	0.0	0.0	0.0	0.0	0.0	0.0	0.0	0.0	0.0	0.0	0.0	0.0	0.0	0.0	0.0	0.0	0.0	0.0	0.0	0.0	0.0	0.0	0.0	0.0	0.0	0.0	0.0	0.0	0.0	0.0	0.0	0.0	3.1829901009e-05	0.0	0.0	0.0	3.6060726263e-05	0.0	0.0	0.0	0.0	0.0	0.0	0.0	0.0	0.0	0.0	0.0	0.0	0.0	3.40785169029e-05	0.0	0.0	0.0	0.0	0.0	0.0	0.0	0.0	0.0	0.0	0.0	3.32955983219e-05	0.0	0.0	0.0	0.0	0.0	0.0	0.0	0.000170253336965	0.0	0.0	0.0	0.0	0.0	0.0	0.0	0.0	0.0	0.0	0.0	0.0	0.0	0.0	0.0	0.0	0.0	0.0	0.0	0.0	0.0	0.0	0.0	0.0	0.0	0.0	0.0	0.0	0.0	0.0	0.0	0.0	0.0	0.0	0.0	0.0	0.0	0.0	0.0	0.0
Bacteria;Acidobacteria;Acidobacteria_Gp4	0.0	0.0	2.10048731306e-05	0.0	0.0	0.0	0.0	0.0	2.91120815138e-05	0.0	0.0	0.0	0.0	0.0	0.0	2.37478923746e-05	0.0	0.0	0.0	0.0	0.0	0.0	0.0	0.0	0.0	0.0	0.0	0.0	0.0	0.0	0.0	0.0	0.0	0.0	0.0	0.0	0.0	0.0	0.0	0.0	0.0	0.0	0.0	0.0	0.0	0.0	0.0	0.0	5.70776255708e-05	0.0	0.0	0.0	0.0	0.0	0.0	0.0	0.0	0.0	0.0	0.0	0.0	0.0	0.0	0.0	0.0	0.0	0.0	0.0	0.0	0.0	0.0	0.0	0.0	0.0	0.0	0.0	0.0	0.0	0.000136202669572	0.0	0.0	0.0	0.0	0.0	9.75609756098e-05	5.37981493437e-05	0.0	0.0	0.0	0.0	0.0	0.0	0.0	0.0	0.0	0.0	0.0	0.0	0.0	0.0	0.0	0.0	0.0	0.0	0.0	0.0	0.0	0.0	0.0	0.0	0.0	0.0	0.0	0.0	0.0	0.0	0.0	0.0	0.0
Bacteria;Acidobacteria;Acidobacteria_Gp6	0.0	0.0	0.0	0.0	0.0	0.0	0.0	0.0	0.0	0.0	0.0	0.0	0.0	0.0	0.0	0.0	0.0	0.0	0.0	0.0	0.0	0.0	0.0	0.0	0.0	0.0	0.0	0.0	0.0	0.0	0.0	0.0	0.0	0.0	0.0	0.0	0.0	0.0	0.0	0.0	0.0	0.0	0.0	0.0	0.0	0.0	0.0	0.0	0.0	0.0	0.0	0.0	0.0	0.0	0.0	0.0	0.0	0.0	0.0	0.0	0.0	0.0	0.0	0.0	0.0	0.0	0.0	0.0	0.0	0.0	0.0	0.0	0.0	0.0	0.0	0.0	0.0	0.0	3.40506673931e-05	0.0	0.0	0.0	0.0	0.0	0.0	2.68990746718e-05	0.0	0.0	0.0	0.0	0.0	0.0	0.0	0.0	0.0	0.0	0.0	0.0	0.0	0.0	0.0	0.0	0.0	0.0	0.0	0.0	0.0	0.0	0.0	0.0	0.0	0.0	0.0	0.0	0.0	0.0	0.0	0.0	0.0
Bacteria;Acidobacteria;Other	0.0	0.0	0.0	0.0	0.0	0.0	0.0	0.0	0.0	0.0	0.0	0.0	3.11885974488e-05	0.0	0.0	0.0	0.0	0.0	0.0	0.0	0.0	0.0	0.0	0.0	0.0	0.0	0.0	0.0	0.0	0.0	0.0	0.0	0.0	0.0	0.0	0.0	0.0	0.0	0.0	0.0	0.0	0.0	0.0	0.0	0.0	0.0	0.0	0.0	0.0	0.0	0.0	0.0	0.0	0.0	0.0	0.0	0.0	0.0	0.0	0.0	0.0	0.0	0.0	0.0	0.0	0.0	0.0	0.0	0.0	0.0	0.0	0.0	0.0	0.0	0.0	0.0	0.0	0.0	0.0	0.0	0.0	0.0	0.0	0.0	0.0	0.0	0.0	0.0	0.0	0.0	0.0	0.0	0.0	0.0	0.0	0.0	0.0	0.0	0.0	0.0	0.0	0.0	0.0	0.0	0.0	0.0	0.0	0.0	0.0	0.0	0.0	0.0	0.0	0.0	0.0	0.0	0.0	0.0	0.0
Bacteria;Actinobacteria;Actinobacteria	0.128995394258	0.00884789156627	0.189737018988	0.289091677229	0.149130186076	0.197817869027	0.0437527528997	0.145779804728	0.145211062591	0.0605165812188	0.15980565371	0.284317484663	0.248822630446	0.20469192078	0.12694481267	0.206962882044	0.199205166418	0.0664520579444	0.0840103508455	0.19611288792	0.0788145525869	0.166265867097	0.204181639987	0.0523767214571	0.0219792147179	0.0818600075234	0.118554608201	0.267013601948	0.0472410304304	0.271720425363	0.190727655882	0.0752455911942	0.0696776291719	0.0618269448001	0.182609394248	0.0119876573551	0.153992253836	0.00240767190369	0.00121013052122	0.0231196054254	0.179425151988	0.26808873327	0.295300818797	0.0860457778101	0.256896613898	0.0445488872821	0.247405112316	0.0147621423819	0.218778538813	0.0784716211203	0.0625715257802	0.0354298716073	0.0612933979503	0.169740134745	0.00138696255201	0.00528848696388	0.236408791755	0.00146395736956	0.190601145038	0.227594088879	0.0292974491296	0.00278893878516	0.230694980695	0.000920256255973	0.00787907085327	0.00187482768128	0.0512780597154	0.519090806245	0.00302194772251	0.18144548344	0.0883998135447	0.0061286407767	0.0289382905328	0.427244714542	0.00242677824268	0.0741165433128	0.00378570609155	0.00721998388396	0.190207028058	0.00130050286111	0.17585523418	0.0213563557878	0.0233672316384	0.0259444801912	0.157365853659	0.123493651818	0.0843914827115	0.0032272078446	0.357044062438	0.527690766063	0.00527434786164	0.0136969127096	0.0117657901204	0.0322185970636	0.00274725274725	0.0111273554256	0.109946218259	0.00746299597827	0.120571454863	0.105512234472	0.336441923966	0.000918120357232	0.35472467709	0.246259996864	0.00509537496734	0.309500621285	0.122618738163	0.32645173454	0.187329440418	0.327439995888	0.359423849933	0.0233205446476	0.138292011019	0.296116050538	0.0355975485189	0.346051464064	0.124957323319	0.160432167975	0.0166648862301
Bacteria;Bacteroidetes;Bacteroidia	0.0291581535478	0.0276261295181	0.00594437909595	0.00165610477398	0.000672970153774	0.00147135387192	0.00278960505065	0.00395041109969	0.00675400291121	0.0467908365241	0.00085394581861	0.000876424189308	0.00109160091071	0.000353662370324	0.00170934207772	0.00441710798167	0.00242865816636	0.0786716158066	0.00532587109587	0.00130039011704	0.00995048676059	0.00578368999422	0.00533594685833	0.0732563305198	0.0141372479852	0.00289360224544	0.00655860582779	0.00180912603578	0.0462292785431	0.00617746988483	0.0045865873311	0.0042904485738	0.0453676978739	0.0811431583704	0.00310642172353	0.0295458889708	0.0139281990168	0.252356661906	0.201054542311	0.0076722838745	0.00512461406245	0.00386998686969	0.0234704775467	0.0420641277701	0.0247737189427	0.0210090784928	0.0127033307514	0.0298153692615	0.0310502283105	0.0547298132806	0.0389409545019	0.0171461075898	0.0760308254548	0.00639076034649	0.234892015058	0.0545507430324	0.0111262883397	0.18574691105	0.000102235550709	0.000186051456517	0.0217199594996	0.20127629402	0.00324048538334	0.210632499204	0.082263336057	0.266556382685	0.0355864130266	0.000235688965985	0.00112495864123	0.000506702289373	0.00116534594127	0.0493932038835	0.00728248371023	0.00881622870838	0.269372384937	0.058584384447	0.0846621544109	0.105882352941	0.00234949605012	0.241633431594	0.0349434737924	0.078571699042	0.0294689265537	0.00165456383859	0.000682926829268	0.000699375941468	0.0348700918148	0.16136039223	0.00493973523019	0.000181475315412	0.0330362253659	0.0491772449459	0.0592283116245	0.0390404864304	0.267122412471	0.0888293264024	0.0342092722445	0.188730876073	0.0143323824423	0.0010217800484	0.0071413568578	0.123445455304	0.0	0.00141132193822	0.0706819963418	0.00520535984149	0.054290913142	0.0192779034691	0.0291381789372	0.00113069846328	0.00404756587762	0.0640186564357	0.0304132231405	2.33972859148e-05	0.0402451481103	0.00145772594752	0.0100147945829	0.0219141779635	0.111099241534
Bacteria;Bacteroidetes;Flavobacteria	0.00304740797174	0.0388271837349	0.0206687951605	0.0157836924377	0.0551499041018	0.0373723883469	0.109381882249	0.0478866906475	0.0559534206696	0.0834901680836	0.0496466431095	0.0202399211218	0.0183700838973	0.0231059415278	0.062757273425	0.02650264789	0.0205056024728	0.0867851394409	0.0460371908287	0.0390468491899	0.0857511899921	0.0531490669995	0.0492213873462	0.035984007108	0.047350283559	0.047252524668	0.0496892470096	0.0115248028946	0.0659584403456	0.0282398623307	0.0246436097682	0.0613090306545	0.056140493516	0.02436177423	0.0177815864174	0.0499986346632	0.0533666021153	0.0	0.0	0.10631593369	0.0219308017952	0.0134758471355	0.0483649493973	0.0914099856793	0.0416861995601	0.0343054551298	0.0383165504777	0.0234115103127	0.0176940639269	0.0522567082973	0.0320435495345	0.054810661466	0.0536664812902	0.00127045235804	0.0	0.0262308953408	0.0141810505402	0.0	0.013358778626	0.0164788432915	0.0318777149949	0.0	0.0203736900165	0.0	0.00256799346329	0.000110283981252	0.00638251502226	0.000791914925711	0.01208779089	0.0542171449629	0.016647799161	0.0257584951456	0.100421617478	0.027133441753	0.0	0.0300566385211	0.0055064815877	0.00338436744561	0.026593571234	0.0	0.00653354867127	0.0118520201446	0.000316384180791	0.0234166743267	0.0335609756098	0.0272756617172	0.0420655075861	0.0	0.015214384509	0.000252487395356	0.0515986589255	3.13430496787e-05	0.0210739739494	0.0426738840279	0.0	0.0547433398311	0.0310776771734	0.0	0.0198996963283	0.0565205700457	0.0225162780928	0.00258743009765	0.0213460231135	0.00551983691391	0.00235171152339	0.017463142694	0.0766831297115	0.0508578431373	0.0182517092638	0.00344349077453	0.00362885216615	0.0236966824645	0.00385674931129	0.0146467009827	0.011695607763	0.00221827861579	0.0850119494708	0.0135562124146	0.0618523662002
Bacteria;Bacteroidetes;Other	0.00612944557953	0.0339796686747	0.030247017308	0.0128770595691	0.016756956829	0.0115671050547	0.0287769784173	0.0152235354573	0.0191557496361	0.0265429294568	0.0320671378092	0.0101884312007	0.0148457723856	0.0111993083936	0.0242098653457	0.0243653375763	0.014985924822	0.0185264264363	0.0158271649516	0.0139879801778	0.0227234673619	0.0183860460869	0.0139932483938	0.02332296757	0.023688709196	0.00914378309558	0.0199569005903	0.0098496861948	0.0289516693906	0.00767771257115	0.0256353043263	0.0142916321458	0.024309931298	0.0455606596882	0.018370735365	0.0214084814724	0.0216743631759	0.10948785962	0.119543607918	0.0350390464447	0.0135595378298	0.0209163576052	0.00404312668464	0.00487875919318	0.00306516173236	0.012332288905	0.00284017557449	0.0245342648037	0.0060502283105	0.0148880919995	0.0232284804058	0.0159678205753	0.0158894097084	0.00708373435996	0.0844065781652	0.0444232904966	0.0110021110145	0.0953329039058	0.026683478735	0.00621943440357	0.0237123166868	0.102481682817	0.0132377275234	0.105015396595	0.059559939302	0.116184174249	0.0254055232106	0.000527943283807	0.0034410499614	0.0144179833249	0.0119531197976	0.0382281553398	0.0264469145266	0.00278181973808	0.120460251046	0.00844365683311	0.0508202363198	0.0843835616438	0.0201920457641	0.0987515172533	0.00499192482748	0.0523306448559	0.0230960451977	0.00615865428808	0.0131707317073	0.0121852808263	0.0256886110568	0.0886240923478	0.00497266679839	0.000189365546517	0.0428080791561	0.0428772919605	0.0472167608749	0.023357555984	0.138512650141	0.0615659519168	0.0319967322486	0.0837513993117	0.0104444648937	0.0146813659586	0.00466288594833	0.0297137133795	0.00632222977566	0.00153677277717	0.0413509276195	0.00433220270679	0.0230235062572	0.00476055806938	0.00466562986003	0.00046255846225	0.00468959356856	0.0362220717671	0.006391184573	0.00437529246607	0.0378958120531	0.00107744961339	0.00466598383976	0.0049943940475	0.0581134494178
Bacteria;Bacteroidetes;Sphingobacteria	0.00211240779859	0.0062594126506	0.134578222148	0.0499704267005	0.0453245398567	0.0385721076578	0.0794303332844	0.0463129496403	0.0372343522562	0.0443247452787	0.106272084806	0.0367276511832	0.0396407073574	0.0526563973593	0.0750366287588	0.0984112660001	0.0481591875035	0.0360017081102	0.0452849491485	0.037500439321	0.0424809242471	0.0481263888466	0.0436948709572	0.0354064860062	0.0201883157409	0.0193292629995	0.043630344483	0.0408951823644	0.0294575453343	0.0205180249746	0.108739308293	0.0232867795005	0.0402048863775	0.0211988854582	0.0353489368539	0.0267332951039	0.042603902875	4.08079983677e-05	8.64378943729e-05	0.0167831209755	0.0591399560747	0.0961046739306	0.00711997152011	0.00483021432559	0.0019472792182	0.00080340644332	0.00222050090369	0.00449101796407	0.00450913242009	0.0405094596266	0.0196405926201	0.022224930928	0.0290776197664	0.0	0.00019813750743	0.00462742609339	0.0188004470384	0.000351349768695	0.10233778626	0.0359610886668	0.0130972988862	0.000189080595604	0.0569498069498	0.000106183414151	0.000175090463406	0.000330851943755	0.00513714623743	2.82826759182e-05	0.00383809418771	0.0372656501912	0.070753146434	0.0115291262136	0.0118180656701	0.00564923392964	0.000167364016736	0.00437819243198	0.00745669381668	0.00254633360193	0.0773290656497	8.67001907404e-05	0.00253266774336	0.00408951493809	0.0	0.0173729203052	0.0947317073171	0.0951958252636	0.00605587028717	0.000186185067958	0.00628992952644	3.94511555243e-05	0.00625562188241	0.000188058298072	0.0107827476038	0.0285851994661	6.38895987733e-05	0.0200888022525	0.0366260467016	4.14610887682e-05	0.0198996963283	0.035009411132	0.00848561226633	0.00075118938319	0.0439836845683	3.13627097381e-05	0.00130650640188	0.00869798838029	0.0152994912548	0.00565610859729	0.00410810176355	0.000102790769389	0.000251228226887	0.00936583164071	0.00165289256198	0.0532522227422	0.00679264555669	0.0	0.0126322977125	0.00356742431964	0.00576861446427
Bacteria;Chlamydiae;Chlamydiae	0.0	0.0	0.0	0.0	0.0	0.0	0.0	0.0	0.0	0.0	0.0	0.0	0.0	0.0	0.0	0.0	0.0	0.0	0.0	0.0	0.0	0.0	0.0	0.0	0.0	0.0	0.0	0.0	0.0	0.0	0.0	0.0	0.0	0.0	0.0	0.0	0.0	0.0	0.0	0.0	0.0	0.0	0.0	0.0	0.0	0.0	0.0	0.0	0.0	0.0	0.0	0.0	0.0	0.0	0.0	0.0	0.0	0.0	3.40785169029e-05	0.0	0.0	0.0	0.0	0.0	0.0	0.0	0.0	0.0	0.0	0.0	0.0	0.0	0.0	0.0	0.0	0.0	0.0	0.0	0.0	0.0	0.0	0.0	0.0	0.0	0.0	0.0	0.0	0.0	0.0	0.0	0.0	0.0	0.0	0.0	0.0	0.0	0.0	0.0	0.0	0.0	0.0	0.0	0.0	0.0	0.0	0.0	0.0	0.0	0.0	0.0	0.0	0.0	0.0	0.0	0.0	0.0	0.0	0.0	0.0
Bacteria;Chloroflexi;Anaerolineae	0.0	0.0	0.0	0.0	0.0	0.0	0.0	0.0	0.0	0.0	0.0	0.0	0.0	0.0	0.0	0.0	0.0	0.0	0.0	0.0	0.0	0.0	0.0	0.000222123500666	0.0	0.0	0.0	0.0	0.0	0.0	0.0	0.0	0.0	0.0	0.0	0.0	0.0	0.0	0.0	0.0	0.0	0.0	0.0	0.0	0.0	0.0	0.0	0.0	0.0	9.89241993323e-05	0.0	0.0	0.0	0.0	0.0	0.0	0.0	0.0	0.0	0.0	0.0	0.0	0.0	3.53944713836e-05	2.9181743901e-05	0.0	0.0	0.0	0.0	0.0	0.0	0.0	0.0	0.0	0.0	0.0	0.0	3.22320709106e-05	0.0	8.67001907404e-05	0.0	0.0	0.0	0.0	0.0	0.0	0.0	0.0	0.0	0.0	0.0	0.0	0.0	0.0	0.0	0.0	0.0	0.000787760686596	0.0	0.0	0.0	0.0	0.0	0.0	0.0	0.0	0.0	0.0	0.0	0.0	0.0	0.000714661852103	0.0	0.0	0.0	0.0	0.0	0.0	0.0
Bacteria;Chloroflexi;Other	0.0	0.0	0.0	0.0002872834812	0.0	0.0	0.0	0.0	0.0	0.0	0.0	0.0	6.23771948975e-05	0.0	3.48845321984e-05	0.0	0.000110393553017	0.0	0.0	0.0	0.0	0.0	0.0	0.0	0.0	0.0	0.0	0.000178679114645	0.0	0.0	0.0	0.0	0.0	0.0	2.67794976166e-05	0.0	0.0	0.0	0.0	0.0	0.0	2.30356361291e-05	0.0	0.0	0.0	0.0	0.0	0.0	5.70776255708e-05	0.0	0.0	0.0	3.97235242711e-05	0.0	0.0	0.0	4.96709300882e-05	0.0	0.0	2.65787795024e-05	0.0	0.0	6.89464975179e-05	0.0	0.0	0.0	0.0	0.000131985820952	0.0	0.0	0.0	0.0	0.0	0.0	0.0	0.0	0.0	0.0	6.81013347862e-05	0.0	7.34106592277e-05	0.0	0.0	0.0	0.0	2.68990746718e-05	0.0	0.0	0.0	0.000157804622097	0.0	0.0	0.0	0.0	0.0	0.0	0.0	0.0	2.30054292813e-05	0.0	4.20079815165e-05	0.0	6.79809653297e-05	6.27254194762e-05	0.0	0.0	0.0	0.0	2.93435840254e-05	0.000102790769389	5.58284948638e-05	3.76137816896e-05	0.0	4.67945718297e-05	0.0	0.0	0.0	0.0	0.0
Bacteria;Chloroflexi;Thermomicrobia	0.0	0.0	0.00298269198454	0.00875369666244	0.0	2.26362134142e-05	0.0	9.63514902364e-05	0.0	0.0	0.000588928150766	0.00131463628396	0.0012787324954	0.00526563973593	0.000593037047373	0.00235104134508	0.0043329469559	6.56965476464e-05	6.01793344166e-05	0.0	0.0	0.0	0.0	0.0	0.0	2.89360224544e-05	0.0	0.00806289504836	0.0	0.000352998279133	0.00146274947316	0.0	0.0	0.0	0.00166032885223	0.0	0.0	0.0	0.0	0.0	0.000445618614126	0.00207320725162	0.000559426333723	0.0	3.6060726263e-05	4.0170322166e-05	0.0	0.0	0.00348173515982	0.0	0.0	0.0	0.0	3.84985563041e-05	0.0	0.0	0.000620886626102	0.0	0.0057933478735	0.00486391664895	0.0	0.0	0.00723938223938	0.0	0.0	0.0	0.0	0.00143298891319	0.0	0.0	0.000299660384897	0.0	0.0	0.00115552512197	0.0	0.000799193856632	0.0	0.0	0.00217924271316	0.0	0.000110115988842	0.0	0.0	0.0	0.00126829268293	0.000941467613514	6.51168848082e-05	0.0	0.000724494500428	0.00182264338522	0.0	0.0	0.0	0.0	0.0	0.0	6.80781537205e-05	4.14610887682e-05	6.90162878439e-05	0.0	0.000966183574879	0.0	0.00224337185588	0.000564528775286	0.0	0.000436578567351	0.000445616250139	0.0	5.86871680507e-05	0.00169604769492	0.00259602501117	0.0	0.0	0.00402433317735	0.0	0.00234503739384	0.00034141345169	0.0	0.0
Bacteria;Cyanobacteria;Cyanobacteria	0.0	4.7063253012e-05	0.0	0.0	0.0	0.0	0.0	0.0	0.0	0.0	0.0	0.0	0.0	0.0	0.0	0.0	0.0	0.0	0.0	0.0	0.0	0.0	0.0	0.0	0.0	0.0	0.0	0.0	0.0	0.0	0.0	0.0	0.0	0.0	0.0	0.0	0.0	0.0	0.0	0.0	0.0	0.0	0.0	0.0	3.6060726263e-05	0.0	0.0	0.0	0.0	0.0	0.0	0.0	3.97235242711e-05	0.0	0.0	0.0	0.0	0.0	0.0	0.0	0.0	0.0	0.0	0.0	0.0	0.0	0.0	0.0	0.0	0.0	0.0	0.0	0.0	0.0	0.0	0.0	0.0	6.44641418211e-05	0.0	0.0	0.0	0.0	0.0	0.0	0.0	0.0	0.0	0.0	0.0	0.0	0.0	0.0	0.0	3.70754856889e-05	0.0	0.0	0.0	0.0	0.0	0.0	0.0	0.0	0.0	0.0	0.0	0.0	0.0	0.0	5.86871680507e-05	0.0	0.0	0.0	0.0	2.33972859148e-05	0.0	0.0	0.0	0.0	0.0
Bacteria;Deferribacteres;Deferribacteres	0.0	0.0	0.0	0.0	0.0	0.0	0.0	3.21171634121e-05	5.82241630277e-05	6.48971380362e-05	0.0	0.0	0.0	0.0	0.0	0.0	0.0	0.0	0.0	0.0	4.78388786567e-05	0.0	0.0	8.88494002665e-05	0.0	0.0	3.12314563228e-05	0.0	0.0	0.0	2.47923639519e-05	2.95893005089e-05	0.00012195617708	0.0	0.0	0.000300374102291	3.72411738418e-05	0.0	0.0	0.0	0.0	0.0	0.0	0.0	0.0	0.0	0.0	0.0	0.0	0.0	0.0	0.000487567040468	0.0	0.0	0.0	0.0	0.0	0.0	0.0	0.0	0.0	0.0	0.0	0.0	0.0	0.0	0.0	0.0	0.0	0.0	0.0	0.0	0.0	0.0	0.0	0.0	0.0	0.0	0.0	0.0	0.0	0.0	0.0	0.0	0.0	0.0	0.0	0.0	0.0	0.0	0.0	0.0	0.0	0.0	0.0	0.0	0.0	0.0	0.0	0.0	0.0	0.0	0.0	0.0	0.0	0.0	0.0	0.0	0.0	0.0	0.0	0.0	0.0	0.0	0.0	0.0	0.0	0.0	0.0
Bacteria;Fibrobacteres;Fibrobacteria	0.0	0.000329442771084	0.0	0.0	0.0	0.0	0.0	0.0	0.0	0.0	0.0	0.0	0.0	0.0	0.0	0.0	0.0	0.0	0.0	0.0	0.0	0.0	0.0	0.0	2.71348329851e-05	0.0	0.0	0.0	0.0	0.0	0.0	0.0	0.0	0.0	0.0	0.0	0.0	0.0	0.000172875788746	0.000102753801891	0.0	0.0	0.0	0.0	0.0	0.0	0.0	0.0	0.0	2.47310498331e-05	0.000618601342365	0.0	7.94470485421e-05	3.84985563041e-05	0.0	0.000475963826749	0.0	0.00111260760087	0.0	0.0	0.00013064637293	0.00193807610494	0.0	0.00403496973773	0.00163417765846	0.000385993934381	6.22684392416e-05	0.0	0.0	0.0	0.0	0.0	0.0	0.0	0.0	0.0	0.000344155099231	0.000870265914585	0.0	0.00104040228889	0.0	0.0	0.0	0.0	0.0	0.0	0.0	0.00136535716502	0.0	0.0	0.0	0.000814919291647	0.0	0.0	0.00159723996933	0.0	0.0	0.000207305443841	0.0	0.0	0.0	8.34654870211e-05	0.0	0.0	0.000163313300235	0.0	0.0	0.0	0.0	0.0	0.000111656989728	7.52275633792e-05	0.0	0.0	0.0	0.0	0.0	0.0	0.000961435744044
Bacteria;Firmicutes;Bacilli	0.393704332167	0.424181099398	0.00901109057301	0.00780735107731	0.0172616844443	0.0300382552007	0.0251798561151	0.0495246659815	0.0364774381368	0.0449737166591	0.0493227326266	0.0907099035933	0.0783457567913	0.0489625903804	0.113514267774	0.0199957253794	0.0193188717779	0.110041717308	0.0518745862671	0.0394334516571	0.0985720094721	0.0403640680649	0.0539584013939	0.044335850733	0.189753887065	0.0687230533291	0.0699272307068	0.0103857235387	0.221418009184	0.116048184265	0.00637163753564	0.0338797490827	0.0915077848693	0.256193990511	0.0146751646939	0.214057507987	0.0553776255028	0.00575392776984	0.00717434523295	0.165776133717	0.0218034821912	0.00737140356131	0.227127091492	0.33894026554	0.270924236414	0.43749497871	0.295481538859	0.443529607452	0.270719178082	0.103079015704	0.243172187684	0.0696001950268	0.126241360133	0.467834456208	0.0386368139489	0.332513617854	0.0902024090401	0.00597294606781	0.0107688113413	0.0608654050606	0.214521344351	0.0156936894351	0.0080667402096	0.0263334867094	0.319948640131	0.00976013234078	0.503596002366	0.235575835282	0.0442483732216	0.0322446911419	0.0230072584404	0.39411407767	0.264277500958	0.202216896345	0.011129707113	0.274644706209	0.381553286681	0.233295729251	0.0510419504222	0.0264435581758	0.329907502569	0.340603582112	0.554847457627	0.0307932714404	0.0306341463415	0.0186410587476	0.395650192095	0.0295413641159	0.240367516301	0.284876794041	0.346839479925	0.491615734211	0.371221430327	0.236986504523	0.0104140046001	0.305988737275	0.148716726802	0.0329615655707	0.144267047023	0.0224791610648	0.195253098089	0.398881562474	0.0388851121686	0.338309549945	0.510582701855	0.0888605299392	0.208362731628	0.210501508296	0.355204084627	0.31880557126	0.2521773113	0.369367336192	0.420055096419	0.0671268132897	0.289530132789	0.300988718469	0.296574485035	0.339109163184	0.307979916676
Bacteria;Firmicutes;Clostridia	0.0336946358694	0.0978915662651	0.0148924550496	0.0201267427123	0.0130892694909	0.0155284424022	0.0290706210542	0.0187243062693	0.0132168850073	0.147640989032	0.01734393404	0.0142418930762	0.017652746156	0.0180367808865	0.0500244191725	0.0193070365005	0.0350499530827	0.138225536248	0.0156165372811	0.0173619653464	0.0218384481068	0.0178381175611	0.0247468147664	0.259351399378	0.101104387702	0.0329291935531	0.0131172116556	0.024389699149	0.101564324072	0.0235626351322	0.0294781207388	0.0241448692153	0.116020976462	0.112696739212	0.059932515666	0.0886103601759	0.013890957843	0.440522342379	0.41827297087	0.0755240443896	0.031829901009	0.0197645757988	0.0483395209276	0.063715138717	0.0378637625762	0.0957258777215	0.0369739220243	0.114645708583	0.0481735159817	0.195672066279	0.218087903251	0.0518039980497	0.155160085803	0.0714533205005	0.40746978403	0.131392458618	0.0245871103936	0.475024887275	0.0322723555071	0.0188975122262	0.145474736258	0.451004490664	0.0172021511307	0.476728135065	0.195517684137	0.385221946512	0.121734798717	0.0168281921714	0.0203816036175	0.0170896863052	0.056269561164	0.106189320388	0.105148843746	0.0183600102713	0.402635983264	0.0773828138573	0.204198692211	0.346172441579	0.0282961046037	0.435408357898	0.0416238437821	0.113294710137	0.079593220339	0.0139259123081	0.0332682926829	0.0435765009684	0.101256755877	0.476509650593	0.0281564908121	0.0231972794483	0.0949382615095	0.153486914277	0.118456623249	0.250630283257	0.388768208536	0.0885044401126	0.0776090952413	0.474688005307	0.0451366522499	0.0152729228287	0.0310438983407	0.16726483599	0.0197824609109	0.0539124980398	0.128690880585	0.0156832454579	0.0865980912771	0.0297888386124	0.0435165351096	0.0291411831218	0.0359256364448	0.214323328067	0.036694214876	0.0243565746373	0.0644024514811	0.0293446571175	0.0248093774895	0.0544287024768	0.168358081402
Bacteria;Firmicutes;Erysipelotrichi	0.00145444471379	0.00305911144578	0.000840194925223	0.000625264047317	0.00111040075373	0.00135817280485	0.00168844516224	0.00391829393628	0.00160116448326	0.0117139334155	0.000824499411072	0.00109553023663	0.0012163553005	0.00168972021377	0.00247680178609	0.000641193094113	0.00137991941271	0.00272640672733	0.00321959439129	0.0023547604822	0.00260721888679	0.0011871784725	0.00242295546118	0.00470901821413	0.00797764089762	0.00477444370497	0.00134295262188	0.00116141424519	0.00809401509845	0.00172086661078	0.000545432006942	0.000798911113741	0.0104475791699	0.00470667971986	0.00198168282363	0.00387755659321	0.00141516460599	0.00526423178943	0.00544558734549	0.00294560898753	0.000891237228252	0.000714104720002	0.00361084269949	0.00480594189179	0.0026324330172	0.00345464770627	0.00201394268009	0.00357618097139	0.00353881278539	0.00781501174725	0.00547462187993	0.00337233869657	0.00361484070867	0.00307988450433	0.00861898157321	0.00396636522291	0.00131627964734	0.00579727118346	0.00500954198473	0.00135551775462	0.00587908678185	0.00590876861262	0.000586045228902	0.00622942696351	0.00320999182911	0.00573476702509	0.00398518011146	0.00161211252734	0.00498511084151	0.00142797917914	0.00855696876873	0.00382281553398	0.00166091733742	0.00184028074981	0.010460251046	0.00517738628861	0.00516232648847	0.0048992747784	0.00408608008717	0.00580891277961	0.00297313169872	0.00473323488205	0.00302824858757	0.00390660906333	0.00936585365854	0.00817731870024	0.0023442078531	0.00415813318439	0.00167950997827	0.00216192332273	0.00531523427917	0.00285221752076	0.00399361022364	0.00745217262346	0.00428060311781	0.00357374918778	0.00306351691742	0.00339980927899	0.0034508143922	0.00123689163754	0.00142827137156	0.00625991152658	0.00237933378654	0.00210130155245	0.00565064018814	0.00154481646909	0.00293364031342	0.00193250377074	0.00190733296165	0.001850233849	0.00175859758821	0.00383660573234	0.00209366391185	0.00212915301825	0.00337078651685	0.0013943465585	0.00318652554911	0.00835796554887	0.00128191432539
Bacteria;Firmicutes;Other	0.0408629705302	0.10358621988	0.000777180305831	0.000997042670046	0.00191796493825	0.00305588881092	0.00323006900602	0.00542780061665	0.00299854439592	0.0172950872867	0.00362190812721	0.00468339176161	0.00523968437139	0.00294718641936	0.0117212028187	0.00166235246622	0.00212507589557	0.0168183161975	0.00529578142866	0.00463922960672	0.00813260937164	0.00328757115461	0.00484591092236	0.0247445579742	0.0512034298429	0.00839144651176	0.00655860582779	0.00145176780649	0.0416763950502	0.00670696730353	0.00136358001735	0.00511894898805	0.0226431968779	0.037013329317	0.00334743720208	0.0350345430218	0.0056978995978	0.0225668230973	0.0289566946149	0.0339087546239	0.00381958812108	0.000921425445164	0.0193764939226	0.0299279108716	0.0266488767084	0.0698561902466	0.0261296152853	0.100133067199	0.0326484018265	0.0227031037468	0.0417865206768	0.0119453924915	0.0223246206403	0.0367276227141	0.0447790766792	0.0886085990798	0.00745063951322	0.0264683492417	0.00153353326063	0.00313629598129	0.0765914361303	0.0346962892933	0.000792884721456	0.0243513963119	0.0876619586786	0.0261924455473	0.068308477848	0.00762689493929	0.00333075989853	0.00377723524805	0.00569354731305	0.0730279126214	0.0504663344832	0.00235384747068	0.0264016736402	0.0451023315612	0.0891361707009	0.0731345688961	0.00674203214383	0.0324258713369	0.034025840552	0.0553977810595	0.0958192090395	0.00280356650427	0.00321951219512	0.00476113621691	0.0392003646546	0.0458635884069	0.00912204439175	0.00549160084899	0.0800147191103	0.0895470929321	0.0728987466208	0.048494735281	0.0213391259903	0.0385802469136	0.0183811015045	0.0343712425888	0.0119168123677	0.00198978219952	0.00550304557866	0.124947834071	0.00278721957852	0.0158695311275	0.123954794878	0.00463444940726	0.0160050503175	0.0193721719457	0.0350949264943	0.0114097754022	0.0105236712818	0.0784999623862	0.0403856749311	0.0034627983154	0.0312053115424	0.00925339079731	0.014339364971	0.0475996330649	0.0733895951287
Bacteria;Gemmatimonadetes;Gemmatimonadetes	0.0	0.0	0.0	3.37980566117e-05	0.0	0.0	0.0	3.21171634121e-05	0.0	0.0	0.0	0.0	0.0	0.0	0.0	0.0	0.0	0.0	0.0	0.0	0.0	0.0	0.0	0.0	2.71348329851e-05	0.0	0.0	4.46697786612e-05	0.0	0.0	0.0	0.0	0.0	0.0	0.0	0.0	0.0	0.0	0.0	0.0	0.0	0.0	0.0	0.0	0.0	0.0	0.0	0.0	5.70776255708e-05	0.0	0.0	0.0	0.0	0.0	0.0	0.0	0.0	0.0	0.0	0.0	0.0	0.0	3.4473248759e-05	0.0	0.0	0.0	0.0	0.0	0.0	0.0	0.0	0.0	0.0	0.0	0.0	3.4747558984e-05	0.0	0.0	0.000612912013075	0.0	0.0	0.0	0.0	0.0	9.75609756098e-05	2.68990746718e-05	0.0	0.0	0.0	0.0	0.0	0.0	0.0	0.0	0.0	0.0	0.0	0.0	0.0	0.0	0.0	0.0	6.79809653297e-05	0.0	0.0	0.0	0.0	0.0	5.86871680507e-05	0.0	0.0	0.0	0.0	0.000350959288723	0.0	0.0	0.0	0.0	0.0
Bacteria;Lentisphaerae;Lentisphaeria	0.0	0.000188253012048	2.10048731306e-05	0.0	0.0	0.0	0.0	0.0	8.73362445415e-05	0.000259588552145	2.94464075383e-05	2.73882559159e-05	3.11885974488e-05	3.92958189249e-05	6.97690643968e-05	2.37478923746e-05	0.0	9.85448214696e-05	0.0	0.0	0.0	3.04404736538e-05	2.72242186649e-05	0.000577521101733	8.14044989553e-05	2.89360224544e-05	3.12314563228e-05	0.0	0.00027239473889	4.41247848917e-05	0.0	2.95893005089e-05	0.000528476767348	0.000451841253106	0.0	0.00013653368286	7.44823476836e-05	0.00179555192818	0.00146944420434	6.85025345938e-05	0.0	0.0	2.54284697147e-05	0.0	0.0	4.0170322166e-05	0.0	0.000499001996008	0.0	0.000123655249165	0.000154650335591	0.000162522346823	0.0	7.69971126083e-05	0.0059441252229	0.000766830609763	2.48354650441e-05	0.00380628916086	0.0	0.0	0.00013064637293	0.00330891042307	0.0	0.0109722861289	0.00256799346329	0.00137854976565	0.000373610635449	9.42755863941e-06	0.0	0.0	0.0	0.000151699029126	0.0	0.0	0.00460251046025	0.0	0.000917746931284	0.00254633360193	3.40506673931e-05	0.00745621640368	0.0	0.000530122306789	4.5197740113e-05	0.0	0.0	0.0	0.000293025981637	0.0110469806988	3.29315682013e-05	0.0	8.17728350642e-05	0.00115969283811	0.000890882280659	0.000259528399822	0.00728341426016	0.00222005631362	0.000578664306624	0.00866536755255	2.30054292813e-05	5.37778972842e-05	0.0	0.000584258409148	0.0	0.0	3.2662660047e-05	0.0	0.0	0.0	2.93435840254e-05	5.13953846945e-05	0.0	0.000338524035206	0.0	0.0	0.000510725229826	0.0	0.0	0.0	0.00181604529431
Bacteria;Other;Other	0.147418360633	0.137612951807	0.0694001008234	0.0925728770596	0.130892694909	0.119224936053	0.101380120393	0.145619218911	0.137787481805	0.142351872282	0.0904004711425	0.101939088519	0.105573402364	0.0767447343603	0.106188516012	0.115604740079	0.104183915659	0.111684130999	0.136757537462	0.155062735037	0.1260793647	0.119326656723	0.114695633235	0.15650821857	0.171465009633	0.128881044012	0.151722414816	0.0895629062158	0.124601136275	0.101619379606	0.121482583364	0.142028642443	0.133826578316	0.10332103321	0.111081356114	0.117992408727	0.143341278117	0.15049989798	0.208747514911	0.16687217427	0.1482636789	0.0958052106609	0.100773025479	0.0945411296391	0.137643792146	0.119506708444	0.143093209398	0.112192282102	0.122773972603	0.0931371336713	0.0879651108843	0.147976596782	0.107412409629	0.0791915303176	0.168615018823	0.117219313554	0.113001365951	0.192891023013	0.0883655943293	0.0620880289177	0.189698533494	0.171543370362	0.108280474352	0.109050366333	0.105492004202	0.176123518059	0.0735390267443	0.0700373331322	0.0582110951803	0.139251001889	0.126489978025	0.103671116505	0.193688514118	0.0359068732346	0.133640167364	0.126724347615	0.0879889870368	0.0891861402095	0.149618632525	0.134298595457	0.139186609896	0.110644098603	0.090802259887	0.0836703741153	0.125365853659	0.12742091672	0.0819821579736	0.167442437783	0.0895080023711	0.0448086224446	0.146864011775	0.0637831060962	0.106844433522	0.0809357852588	0.142537694863	0.107077106346	0.0998025733542	0.142874911895	0.089468114475	0.125786501748	0.0819575719387	0.106335030465	0.107817811013	0.0664575819351	0.0779004442122	0.0970883567854	0.0818077165881	0.123963046757	0.124358109099	0.0766305185794	0.0662963376507	0.0732340329497	0.132231404959	0.081586335985	0.119254341164	0.0699708454811	0.108797086605	0.140556518194	0.109176370046
Bacteria;Planctomycetes;Planctomycetacia	0.0	4.7063253012e-05	0.00745672996135	0.00708069286016	0.00164877687675	0.00212780406094	0.0026427837322	9.63514902364e-05	2.91120815138e-05	0.00210915698618	0.000147232037691	8.21647677476e-05	0.000124754389795	0.000314366551399	0.0	0.00719561138949	0.00425015179114	0.0014124757744	3.00896672083e-05	0.000175728394194	0.000167436075298	9.13214209613e-05	0.00187847108788	0.00244335850733	0.0	0.00020255215718	0.00252974796215	0.00737051347911	0.000116740602382	0.0	0.0019090120243	0.000798911113741	8.13041180536e-05	0.0	0.00642707942799	0.0	0.00197378221362	8.16159967354e-05	0.0	0.0	0.00502912435942	0.00205017161549	0.0	0.0	0.0	0.0	0.0	0.0	0.0	0.00140966984048	9.27902013547e-05	0.0	7.94470485421e-05	0.0	9.90687537151e-05	2.64424348194e-05	0.00109276046194	0.000175674884347	0.0103939476554	0.000186051456517	0.0	0.000189080595604	0.00944567015996	0.00102643967012	0.000204272207307	0.0	0.000124536878483	3.77102345577e-05	2.20580125731e-05	0.00170436224607	0.00895651594859	0.0	0.000127762872109	0.0	4.18410041841e-05	0.000104242676952	0.0	0.000322320709106	0.00807000817216	0.000433500953702	0.0	0.0	0.0	4.59601066274e-05	0.00624390243902	0.00570260383043	3.25584424041e-05	0.000186185067958	3.29315682013e-05	7.89023110487e-06	0.0	3.13430496787e-05	0.0	0.0	6.38895987733e-05	2.70738574832e-05	0.0	0.000373149798914	2.30054292813e-05	0.00139822532939	0.0	0.0	0.00258327668253	6.27254194762e-05	0.0	0.0	0.0	0.0	0.0	0.0	2.79142474319e-05	0.000451365380275	0.0	0.00163781001404	0.0	0.0	0.0	0.0	0.000106826193783
Bacteria;Proteobacteria;Alphaproteobacteria	0.012224261523	0.00301204819277	0.284637035792	0.324106463878	0.311820720751	0.301627543744	0.240199676993	0.156217882837	0.173129548763	0.185540917646	0.351177856302	0.326276292726	0.364469949786	0.409580320654	0.246354566385	0.248189223206	0.308329193575	0.142692901488	0.152705061082	0.158050117738	0.13461860454	0.271985632096	0.274583469454	0.103864948912	0.0377716875153	0.118348331838	0.178206689778	0.35302526076	0.0799673126313	0.260159731721	0.232428412049	0.155284649071	0.151266311639	0.0825363355674	0.318461785657	0.0326315502034	0.21044987338	0.000244847990206	0.000518627366237	0.0867242087957	0.248496037177	0.253875745779	0.0613843258913	0.0454865409355	0.0451840900076	0.0217321442918	0.0609863155177	0.00998003992016	0.0305365296804	0.0941758377643	0.0491169465838	0.078132618235	0.11495987924	0.0537054860443	0.00118882504458	0.000475963826749	0.266509375388	0.00046846635826	0.334548800436	0.42039655539	0.0318450534017	0.000425431340109	0.330805295091	0.00343326372421	0.00478580599977	0.00137854976565	0.0127961642641	0.126517836941	0.009661409507	0.298309456907	0.341313178398	0.00879854368932	0.0789574549636	0.107207052983	0.00167364016736	0.0232808645193	0.00298267752667	0.00373892022562	0.254937346772	0.000867001907404	0.021105564528	0.0507781438146	0.000180790960452	0.0799935655851	0.367219512195	0.305116204003	0.0542098066029	0.00217215912617	0.101297503787	0.0997009602411	0.00805462425382	0.00495220184924	0.00768001966085	0.0298828414652	0.00121390237669	0.00974658869396	0.175811831983	0.00207305443841	0.262422931812	0.354880344179	0.0959462297837	0.00125198230532	0.302107409925	0.128493021797	0.00182910896263	0.278469960036	0.0967358609677	0.0816365007541	0.0189266116964	0.165338952562	0.159697409558	0.0106823139998	0.014435261708	0.347730463266	0.0880490296221	0.163708961846	0.089222715375	0.0229334420548	0.00320478581348
Bacteria;Proteobacteria;Betaproteobacteria	0.188904664612	0.0638177710843	0.0379768106201	0.0412505280946	0.0923988021131	0.0729791520474	0.102481280282	0.124357656732	0.140931586608	0.098513855539	0.0991460541814	0.0826577563541	0.0743224277204	0.108417164414	0.148433684504	0.0769194234012	0.0706242755423	0.130243405709	0.174158993802	0.121533757425	0.176549381682	0.0901951234361	0.0671621474464	0.105419813416	0.160095514612	0.178737810701	0.123051937912	0.0440220668707	0.148532959763	0.0940299166042	0.0957233172183	0.180465143804	0.149233708687	0.142367648166	0.0924696052702	0.209688430136	0.108818709966	0.002774943889	0.000777941049356	0.187765447322	0.11293248878	0.0741056414273	0.117072674566	0.140585936552	0.115358263315	0.124929701936	0.105086496256	0.0944777112442	0.189897260274	0.166761469024	0.131545575454	0.269096375752	0.170493366171	0.0976323387873	0.000891618783436	0.169919086149	0.129939153111	0.00134684078	0.0583424209378	0.107032745056	0.0806741352843	0.00231623729615	0.0583976833977	0.00184051251195	0.108556087312	0.00281224152192	0.0715153024689	0.0159891394524	0.229138634609	0.0769726841402	0.119797562762	0.126729368932	0.0798517950684	0.121458529487	0.0018410041841	0.225198929775	0.0575886199381	0.0318130539887	0.0719150095342	0.0032079070574	0.187197181031	0.120640690674	0.098395480226	0.247954775255	0.0269268292683	0.0858080482031	0.106921924855	0.000930925339788	0.109892643088	0.00781921902493	0.0825496769973	0.0780441937	0.137810272794	0.115823817292	0.00210835675952	0.185049815898	0.214378106066	0.0124797877192	0.194234839422	0.0772250605001	0.169964293216	0.0338869877306	0.0589394969409	0.131880194449	0.0237784165142	0.122980824126	0.152586430985	0.095729638009	0.163590480941	0.0522177108496	0.085445511389	0.0696231099075	0.162975206612	0.0784043051006	0.250868232891	0.0621751806313	0.169227267554	0.162980328203	0.0770216857173
Bacteria;Proteobacteria;Deltaproteobacteria	0.0	0.0	0.0291337590321	0.0236755386565	0.00874861199906	0.0049346945243	0.0143150785494	0.000642343268243	0.00183406113537	0.00584074242326	0.0147526501767	0.00602541630149	0.00711100021832	0.0118673373153	0.00561640968395	0.0190695575768	0.0331456642932	0.00423742732319	0.000451345008124	0.00130039011704	0.00169828019231	0.00237435694499	0.00604377654361	0.00284318080853	0.000515561826717	0.00225700975144	0.00415378369093	0.0243003595917	0.00147871429683	0.00758946300137	0.010834263047	0.00423126997278	0.00252042765966	0.000188267188794	0.0285469444593	0.00322219491549	0.00316549977655	0.0	0.0	0.0	0.0153738421874	0.00822372209809	0.0	0.0	0.0	0.0	0.0	0.0	0.0	0.00482255471745	0.00160836349015	0.00528197627174	0.00317788194169	3.84985563041e-05	0.0	0.0	0.00906494474109	0.000644141242607	0.0325449836423	0.015920688922	0.0	0.00118175372252	0.0216836734694	0.000460128127986	2.9181743901e-05	0.0	0.0	0.000254544083264	6.61740377192e-05	0.00327053295868	0.0213424785243	0.000455097087379	0.000894340104766	0.000470769494137	0.0	0.0	0.00011471836641	0.000354552780016	0.0166848270226	0.0	0.0	0.0	0.0	0.000275760639765	0.0279024390244	0.0196632235851	0.0	0.000434431825234	0.000329315682013	7.89023110487e-05	0.0	0.0	0.000337920865077	0.0023357555984	0.000319447993867	0.0	0.000272312614882	0.0	0.00425600441704	0.00387200860446	0.00113421550095	0.0	0.00958531611149	0.000344989807119	0.0	0.000805991201263	3.71346875116e-05	0.0	2.93435840254e-05	0.000668140001028	0.000921170165252	7.52275633792e-05	0.0	0.000748713149275	5.10725229826e-05	0.0	0.000910435871173	0.0	0.0
Bacteria;Proteobacteria;Epsilonproteobacteria	0.0	0.0	0.0	0.0	0.0	0.0	0.0	3.21171634121e-05	5.82241630277e-05	0.000324485690181	0.0	0.0	0.0	0.0	0.0	0.0	2.75983882541e-05	6.56965476464e-05	0.0	3.51456788388e-05	2.39194393283e-05	9.13214209613e-05	8.16726559948e-05	0.0002665482008	0.00010853933194	8.68080673631e-05	0.0	2.23348893306e-05	0.00182893610398	0.0	0.0	5.91786010179e-05	0.00243912354161	0.0	0.0	0.00483329237323	7.44823476836e-05	0.0	0.0	0.000171256336484	0.0	4.60712722582e-05	0.0	0.0	0.0	0.0	0.0	0.0	0.0	0.00222579448498	0.000123720268473	0.00272224930928	0.000516405815524	0.0	0.0	0.0	0.0	0.0	0.0	0.0	0.0	0.0	0.0	0.0	0.0	0.0	0.0	0.0	2.20580125731e-05	0.0	3.32955983219e-05	0.000485436893204	0.0	0.0	0.000753138075314	0.0	0.000344155099231	0.0	0.0	0.000173400381481	0.0	3.78658790564e-05	0.0	0.0	0.0	2.68990746718e-05	0.0	0.0	0.0	0.0	0.0	6.26860993575e-05	3.07200786434e-05	0.00103811359929	0.0	0.000216590859866	0.0	0.0	0.0	0.0	0.0	0.0	0.0	0.0	0.0	0.0	0.0	0.0	0.0	0.0	0.0	0.000112841345069	0.0	0.0	0.0	0.0	0.0	0.0	0.0
Bacteria;Proteobacteria;Gammaproteobacteria	0.00564463067493	0.0433923192771	0.127835657873	0.0754034643008	0.0855345065446	0.114335513955	0.147922478344	0.173175745118	0.156273653566	0.0408851969628	0.00403415783274	0.00457383873795	0.00530206156629	0.00793775542282	0.00617456219912	0.0842100263602	0.092206215157	0.0321256117991	0.183787687308	0.148068744948	0.139856961753	0.10705914584	0.0912555809648	0.0438471790315	0.119094781972	0.227060968199	0.138386582966	0.0739954883524	0.0319480115184	0.0339319595817	0.0937399281021	0.179902947094	0.0501646408391	0.0173582348068	0.0637352043276	0.115971710221	0.107999404141	4.08079983677e-05	0.0	0.051102890807	0.0679568386542	0.0964271728364	0.0269541778976	0.0419913104687	0.0219970430204	0.00510163091508	0.015440227214	0.0142631403859	0.0097602739726	0.0401137628292	0.0278679904735	0.130261660978	0.0339636132518	0.00180943214629	0.0	0.0129832354963	0.0364087917546	5.85582947825e-05	0.057933478735	0.00693706145014	0.11447888428	4.7270148901e-05	0.0746001103144	0.0	0.00808334306058	0.000551419906259	0.00859304461534	0.00221547628026	0.555222234477	0.0824082177899	0.0435839382034	0.0421116504854	0.0208253481538	0.0303860309852	0.0	0.0334618993016	0.00608007341975	0.0030620467365	0.0486924543721	0.0	0.00704742328586	0.0193115983188	9.0395480226e-05	0.37503447008	0.0277073170732	0.0667635033355	0.00940938985479	0.0	0.0190344464203	0.00117564443463	0.0843895657862	0.000470145745181	0.0247296633079	0.0487913391665	6.38895987733e-05	0.0153238033355	0.00398257199265	4.14610887682e-05	0.0381430017484	0.106050013444	0.0273892039488	0.00075118938319	0.0132562882393	0.00366943703936	0.00516070028743	0.0254223058065	0.0477552081399	0.0161199095023	0.00786408051879	0.00750372616539	0.0091000446628	0.0155721056195	0.00573002754821	0.0122133832475	0.00806945863126	0.0081125617949	0.0345965631046	0.00815411273061	0.00117508813161
Bacteria;Proteobacteria;Other	0.00460574159366	0.00630647590361	0.0284405982188	0.0259400084495	0.0675662034389	0.0474002308894	0.065775950668	0.0589671120247	0.062154294032	0.0259264066455	0.0186690223793	0.0135024101665	0.0153136013473	0.0148931153725	0.0143724272658	0.0386378208934	0.0373406193078	0.013927668101	0.0767286513811	0.0598882367413	0.0474322481881	0.0455693890597	0.0302733311554	0.0154153709462	0.0311507882669	0.0651060505223	0.059402229926	0.0256851227302	0.0140477858199	0.018753033579	0.0436097681914	0.0797431648716	0.0253262327737	0.00508321409745	0.0356435113277	0.0209169602141	0.0507224787725	0.000489695980412	0.000432189471864	0.0374023838882	0.0581532291435	0.0322729262169	0.00373798504806	0.00800990315299	0.00674335581119	0.00273158190729	0.00614510715208	0.00336826347305	0.00359589041096	0.0112031655744	0.00544369181281	0.05907687307	0.0130690394852	0.00200192492782	0.0012878937983	0.00380771061399	0.0261269092264	0.00023423317913	0.0258315158124	0.0111365086115	0.0192703400072	0.000283620893406	0.034473248759	0.000672494956288	0.00221781253648	0.000165425971878	0.00077835549052	0.00080134248435	0.0498952244403	0.0547699110968	0.0514416994073	0.00591626213592	0.0265107959627	0.00573482838312	0.000627615062762	0.0080266861253	0.000917746931284	0.000709105560032	0.0349019340779	0.000520201144443	0.00385405960946	0.00768677344845	0.000271186440678	0.0853938781138	0.0360975609756	0.0511351409511	0.00621866249919	0.000248246757277	0.00599354541263	0.000181475315412	0.0098127402077	0.000438802695502	0.0041779306955	0.0053388699392	0.00146946077179	0.00408815247997	0.0111307781333	0.000663377420291	0.0200607343333	0.0757730572735	0.00642722117202	0.000166930974042	0.0124405166553	0.00244629135957	0.000359289260517	0.0184370487289	0.00805822719002	0.00518476621418	0.0039320402594	0.00149046615614	0.00209356855739	0.00176784773941	0.00330578512397	0.00715956948994	0.00914198161389	0.00152110533654	0.0150221918744	0.00550402609316	0.000534130968914
Bacteria;Spirochaetes;Spirochaetes	0.000207777816255	0.000658885542169	0.0	0.0	0.0	0.0	0.0	0.0	0.0	0.000162242845091	0.0	0.0	0.0	0.0	0.0	2.37478923746e-05	0.0	0.000197089642939	0.0	0.0	7.1758317985e-05	0.0	0.0	0.000177698800533	5.42696659702e-05	0.0	3.12314563228e-05	0.0	0.000194567670636	0.0	0.0	0.0	0.0	0.000564801566383	0.0	5.46134731438e-05	0.0	0.00281575188737	0.00492695997925	0.000376763940266	0.0	0.0	0.000508569394294	4.85448675939e-05	0.0	0.000241021932996	0.0	0.00062375249501	0.000114155251142	0.000370965747496	0.00105162228202	4.06305867057e-05	0.000516405815524	7.69971126083e-05	9.90687537151e-05	0.00227404939447	0.0	0.00210809861217	0.0	0.0	0.00039193911879	0.00373434176318	0.0	0.00937953491665	0.00180926812186	0.00352908740006	0.000560415953174	0.0	0.0	0.0	0.0	0.000849514563107	0.000127762872109	0.0	0.00991631799163	0.000243232912888	0.000573591832052	0.00225624496374	0.0	0.00615571354257	0.000110115988842	0.000113597637169	0.000497175141243	0.0	0.0	0.0	0.000227909096829	0.00242040588345	0.0	0.0	0.0010221604383	0.000188058298072	0.00018432047186	3.70754856889e-05	0.00364170713008	0.00102880658436	3.40390768602e-05	0.00149259919565	0.0	0.0	0.0	0.000667723896169	0.0	3.13627097381e-05	0.000130650640188	0.0	0.000111404062535	0.000141402714932	0.000234748672203	0.0	0.0	0.000564206725344	5.50964187328e-05	0.0	0.0	0.0	0.0	0.0	0.000213652387565
Bacteria;Synergistetes;Synergistia	0.0	0.0	0.0	0.0	0.0	0.0	0.0	0.0	0.0	0.0	0.0	0.0	0.0	0.0	0.0	0.0	0.0	0.0	0.0	0.0	0.0	0.0	0.0	0.000177698800533	0.0	0.0	0.0	0.0	0.0	0.0	0.0	0.0	0.0	0.0	0.0	0.0	0.0	0.0	0.0	0.0	0.0	0.0	0.0	0.0	0.0	0.0	0.0	0.0	0.0	2.47310498331e-05	3.09300671182e-05	0.0	0.0	0.0	0.0	0.0	0.0	0.0	0.0	0.0	0.0	0.0	0.0	3.53944713836e-05	0.0	0.0	0.0	0.0	0.0	0.0	0.0	0.0	0.0	0.0	0.0	0.0	0.0	0.0	0.0	0.0	0.0	0.0	0.0	0.0	0.0	0.0	0.0	0.0	0.0	0.0	0.0	0.0	0.0	3.70754856889e-05	0.0	0.0	0.0	4.14610887682e-05	0.0	0.0	0.0	0.0	0.0	0.0	0.0	0.0	0.0	0.0	0.0	0.0	0.0	3.76137816896e-05	0.0	0.0	0.0	0.0	0.0	0.0	0.0
Bacteria;TM7;TM7_genera_incertae_sedis	3.46296360425e-05	0.0	0.000672155940178	0.000405576679341	0.0	6.79086402427e-05	7.34106592277e-05	0.000224820143885	0.000145560407569	0.000292037121163	0.000206124852768	5.47765118317e-05	0.0	0.000668028921723	0.000209307193191	0.000213731031371	0.000110393553017	0.0	0.0	0.0	0.0	0.000213083315576	0.000707829685288	4.44247001333e-05	5.42696659702e-05	5.78720449087e-05	6.24629126456e-05	0.000335023339959	0.000116740602382	0.000220623924458	7.43770918557e-05	0.0	0.000243912354161	0.0	0.000214235980933	0.00013653368286	0.000260688216893	0.000244847990206	0.0	6.85025345938e-05	0.0	0.000138213816775	0.00038142704572	2.42724337969e-05	0.0	4.0170322166e-05	0.0	0.0	0.0	9.89241993323e-05	3.09300671182e-05	0.000162522346823	0.000119170572813	0.000153994225217	0.0	0.000185097043736	9.93418601763e-05	0.0	6.81570338059e-05	0.000345524133532	3.26615932325e-05	4.7270148901e-05	6.89464975179e-05	0.0	5.8363487802e-05	0.0	0.0	0.000226261407346	0.0	0.000138191533465	6.65911966438e-05	0.000273058252427	6.38814360547e-05	8.55944534794e-05	0.000125523012552	0.0	0.00011471836641	6.44641418211e-05	0.0	0.000173400381481	0.000146821318455	7.57317581128e-05	0.0	0.0	0.0	0.0	6.51168848082e-05	0.0	3.29315682013e-05	0.000126243697678	0.000449750592853	6.26860993575e-05	9.21602359302e-05	7.41509713777e-05	0.000255558395093	0.000297812432315	0.000306351691742	0.0	0.0	5.37778972842e-05	0.0	0.000166930974042	0.000611828687967	3.13627097381e-05	3.2662660047e-05	3.35829667193e-05	7.42693750232e-05	4.71342383107e-05	0.0	0.0	2.79142474319e-05	3.76137816896e-05	5.50964187328e-05	0.000444548432382	5.10725229826e-05	0.0	0.000227608967793	0.000203852818265	0.000213652387565
Bacteria;Tenericutes;Mollicutes	0.00180074107421	0.00023531626506	0.00176440934297	0.000659062103929	0.00050472761533	0.000339543201213	0.000660695933049	0.00375770811922	0.00858806404658	0.0142449217989	0.00103062426384	0.000438212094654	0.0011539781056	0.000510845646023	0.00341868415545	0.00137737775772	0.000551967765083	0.00837630982492	0.00279833905037	0.0040768987453	0.00258329944746	0.00739703509787	0.0098551671567	0.0137272323412	0.00214365180582	0.00379061894152	0.0100252974796	0.0021888191544	0.00626507899447	0.000882495697833	0.000446262551134	0.0137886140372	0.00776454327412	0.0032005422095	0.00232981629265	0.0127249392425	0.0100923581111	0.00187716792491	0.00112369262685	0.0022263323743	0.00184613425852	0.000944461081293	0.0117733814779	0.00269424015146	0.00652699145361	0.00610588896923	0.00516395558998	0.00565535595476	0.00650684931507	0.013033263262	0.00856762859175	0.0228343897286	0.00953364582506	0.00107795957652	0.00118882504458	2.64424348194e-05	0.00149012790264	0.000351349768695	0.000954198473282	0.000372102913034	0.00111049416991	0.000567241786812	0.00206839492554	0.00276076876792	0.00192599509747	0.0014888337469	0.00893552103117	1.88551172788e-05	0.00130142274181	0.000460638444885	0.00163148431777	0.00172936893204	0.00242749457008	0.00119832234871	0.00301255230126	0.00416970707808	0.00814500401514	0.00128928283642	0.000783165350041	0.00182070400555	0.00778152987814	0.00791396872278	0.000135593220339	0.00163158378527	0.00370731707317	0.000564880568108	0.00735820798333	0.00136535716502	0.00533491404861	3.15609244195e-05	0.000695069098046	0.00517160319699	0.000583681494225	0.00582085125315	0.00370559672885	0.00129954515919	0.00177003199673	0.00136821592935	0.00128830403975	0.000968002151116	0.00361268641042	0.00125198230532	0.0	0.000784067743453	0.000914554481317	0.000369412633912	0.00612722343941	0.00857843137255	0.00161389712139	0.000513953846945	0.00103282715498	0.00094034454224	0.00137741046832	0.0	0.00321756894791	0.000380276334136	0.00534881074314	0.00570787891143	0.000747783356479
Bacteria;Verrucomicrobia;Opitutae	0.0	0.0	0.00294068223828	0.000844951415294	0.000471079107642	6.79086402427e-05	0.00124798120687	0.0	0.000262008733624	0.000162242845091	2.94464075383e-05	2.73882559159e-05	0.0	0.0	6.97690643968e-05	0.00379966277993	0.00162830490699	0.000394179285879	3.00896672083e-05	7.02913576776e-05	0.0	0.0012480594198	0.00103452030927	0.000488671701466	2.71348329851e-05	0.000115744089817	0.00302945126331	0.00270252160901	0.0	0.0	0.00614850626007	0.00118357202036	4.06520590268e-05	3.76534377589e-05	0.00222269830218	8.19202097157e-05	0.00100551169373	0.0	8.64378943729e-05	0.0	0.0038832479231	0.00278731197162	0.0	0.0	0.0	0.0	0.0	0.0	0.0	2.47310498331e-05	3.09300671182e-05	0.00138143994799	0.00158894097084	0.0	0.0	0.0	0.0	5.85582947825e-05	0.00214694656489	0.0	0.0	0.0	0.00162024269167	0.000672494956288	0.000350180926812	0.0	0.0	0.0	0.0	0.000322446911419	0.00253046547246	0.0	6.38814360547e-05	0.0	8.36820083682e-05	6.9495117968e-05	0.0	3.22320709106e-05	0.00432443475892	8.67001907404e-05	0.0	0.0	0.0	2.29800533137e-05	0.00136585365854	0.00266300839251	0.0	0.000310308446596	0.0	0.0	0.0	0.000219401347751	0.0	0.0	0.000127779197547	5.41477149664e-05	0.000204234461161	0.000124383266305	0.0	0.000215111589137	0.0	0.0	6.79809653297e-05	0.0	0.0	0.0	0.0	0.0	0.0	0.0	0.0	0.0	0.0	0.000140383715489	5.10725229826e-05	0.0	0.0	0.0	0.0
Bacteria;Verrucomicrobia;Other	0.0	0.0	2.10048731306e-05	1.68990283059e-05	0.0	0.0	0.0	0.0	2.91120815138e-05	0.0	0.0	0.0	0.0	0.0	0.0	0.0	0.0	0.0	0.0	0.0	0.0	0.0	0.0	0.0	0.0	0.0	0.0	2.23348893306e-05	0.0	0.0	0.0	0.0	0.0	3.76534377589e-05	0.0	0.0	0.0	0.0	0.0	0.0	0.0	0.0	0.0	0.0	0.0	0.0	0.0	0.0	0.0	0.0	0.0	0.0	0.0	0.0	0.0	0.0	0.0	0.0	0.0	0.0	0.0	0.0	0.0	0.0	2.9181743901e-05	0.0	0.0	0.0	0.0	0.0	0.0	0.0	0.0	0.0	0.0	0.0	0.0	0.0	0.0	0.0	0.0	0.0	0.0	0.0	0.0	2.68990746718e-05	0.0	0.0	0.0	0.0	0.0	0.0	0.0	0.0	0.0	0.0	0.0	0.0	0.0	0.0	0.0	0.0	0.0	0.0	0.0	0.0	0.0	0.0	0.0	0.0	0.0	0.0	0.0	0.0	0.0	0.0	0.0	0.0	0.0
Bacteria;Verrucomicrobia;Spartobacteria	0.0	0.0	0.0	0.0	0.0	0.0	0.0	0.0	0.0	0.0	0.0	0.0	0.0	0.0	0.0	0.0	0.0	0.0	0.0	0.0	0.0	0.0	0.0	0.0	0.0	0.0	0.0	0.0	0.0	0.0	0.0	0.0	0.0	0.0	0.0	0.0	0.0	0.0	0.0	0.0	0.0	0.0	0.0	0.0	0.0	0.0	0.0	0.0	0.0	0.0	0.0	0.0	0.0	0.0	0.0	0.0	0.0	0.0	0.000238549618321	0.0	0.0	0.0	0.0	0.0	0.0	0.0	0.0	0.0	0.0	0.0	0.0	0.0	0.0	0.0	0.0	0.0	0.0	0.0	0.0	0.0	0.0	0.0	0.0	0.0	0.0	0.0	0.0	0.0	0.0	0.0	0.0	0.0	0.0	0.0	0.0	0.0	0.0	0.0	0.0	0.0	0.0	0.0	0.0	0.0	0.0	0.0	0.0	0.0	0.0	0.0	0.0	0.0	0.0	0.0	0.0	0.0	0.0	0.0	0.0
Bacteria;Verrucomicrobia;Verrucomicrobiae	0.0	4.7063253012e-05	0.0	1.68990283059e-05	0.0	4.52724268284e-05	0.0	0.0	0.0	0.0	0.0	0.0	0.0	7.85916378497e-05	0.0	0.0	0.0	0.0	0.0	0.0	0.0	0.0	0.0	0.0	0.0	0.0	0.0	0.0	0.0	0.0	2.47923639519e-05	0.0	8.13041180536e-05	3.76534377589e-05	0.0	0.0	0.0	8.16159967354e-05	0.0	0.0	0.0	0.0	0.0	0.0	0.0	0.0	0.0	0.0	0.0	0.0	0.0	0.0	0.0	0.0	9.90687537151e-05	0.000132212174097	0.0	0.00023423317913	0.000102235550709	0.0	0.0	9.45402978019e-05	0.0	3.53944713836e-05	0.0	0.000110283981252	0.0	0.0	0.0	0.0	3.32955983219e-05	3.03398058252e-05	0.0	0.0	0.000167364016736	0.0	0.0	6.44641418211e-05	0.0	0.0	0.0	0.0	0.0	0.0	0.0	0.0	0.0	0.0	0.0	0.0	0.0	6.26860993575e-05	0.0	3.70754856889e-05	0.000447227191413	0.000216590859866	0.0	0.0	0.0	0.0	0.0	0.0	0.0	0.0	0.0	0.0	0.0	0.0	0.0	0.0	0.0	3.76137816896e-05	0.0	0.0	0.0	0.0	0.0	0.0	0.000320478581348
Unclassified;Other;Other	0.0	0.0	0.0	0.0	0.0	0.0	0.0	0.0	0.0	0.0	0.0	0.0	0.0	0.0	6.97690643968e-05	2.37478923746e-05	0.0	0.0	0.0	0.0	0.0	0.0	0.0	0.0	0.0	0.0	0.0	0.0	3.89135341272e-05	4.41247848917e-05	0.0	0.0	0.0	3.76534377589e-05	2.67794976166e-05	0.0	3.72411738418e-05	4.08079983677e-05	0.0	3.42512672969e-05	3.1829901009e-05	0.0	0.0	0.0	0.0	0.0	0.0	4.15834996673e-05	0.0	7.41931494992e-05	0.0	0.0	0.000119170572813	3.84985563041e-05	0.0	0.0	0.000471873835838	0.000117116589565	0.0	0.0	0.0	0.000236350744505	0.0	0.00049552259937	0.000262635695109	0.0	3.11342196208e-05	0.0	0.0	0.0	0.0	3.03398058252e-05	0.0	0.0	8.36820083682e-05	0.0	0.0	0.000419016921837	0.0	0.000173400381481	0.0	0.0	4.5197740113e-05	0.0	0.0	0.0	6.51168848082e-05	0.000310308446596	0.0	7.89023110487e-06	0.0	6.26860993575e-05	0.0	3.70754856889e-05	0.00019166879632	2.70738574832e-05	0.0	0.000165844355073	6.90162878439e-05	0.0	0.0	0.0	0.0	0.0	0.0	3.35829667193e-05	0.0	0.0	0.0	0.0	2.79142474319e-05	7.52275633792e-05	0.0	0.0	0.0	0.0	0.0	0.0	0.0
